{"initial_reset_timestamp": 1589797538.469141, "timestamps": [1589797577.0093997], "episode_lengths": [1000], "episode_rewards": [-23.95437262357426], "episode_types": ["t"]}