{"initial_reset_timestamp": 1589875779.8752694, "timestamps": [1589876053.9539945], "episode_lengths": [1000], "episode_rewards": [-57.2368421052638], "episode_types": ["t", "t"]}