{"initial_reset_timestamp": 1589852233.6087635, "timestamps": [1589852273.5204012], "episode_lengths": [1000], "episode_rewards": [-25.373134328358407], "episode_types": ["t"]}